Date,Open,High,Low,Close,Adj Close,Volume,Dividends,Stock Splits
2020-07-01,99.0,101.44999694824219,98.19999694824219,100.75,100.75,50857376,0.0,0.0
2020-07-02,100.75,102.94999694824219,100.4000015258789,101.55000305175781,101.55000305175781,48083736,0.0,0.0
2020-07-03,102.8499984741211,106.3499984741211,102.0999984741211,103.44999694824219,103.44999694824219,87310642,0.0,0.0
2020-07-06,105.0,109.9000015258789,104.5,109.0,109.0,91970198,0.0,0.0
2020-07-07,109.80000305175781,112.5999984741211,108.05000305175781,109.05000305175781,109.05000305175781,85835716,0.0,0.0
2020-07-08,109.5,110.8499984741211,104.19999694824219,105.3499984741211,105.3499984741211,55887256,0.0,0.0
2020-07-09,106.30000305175781,108.94999694824219,104.6500015258789,106.94999694824219,106.94999694824219,54492650,0.0,0.0
2020-07-10,106.69999694824219,108.5999984741211,105.4000015258789,107.5999984741211,107.5999984741211,64694173,0.0,0.0
2020-07-13,108.8499984741211,112.0999984741211,106.8499984741211,108.0,108.0,81893001,0.0,0.0
2020-07-14,106.9000015258789,107.55000305175781,104.0999984741211,105.1500015258789,105.1500015258789,46924623,0.0,0.0
2020-07-15,106.80000305175781,106.80000305175781,102.5,103.19999694824219,103.19999694824219,49687046,0.0,0.0
2020-07-16,103.94999694824219,103.94999694824219,100.5999984741211,102.94999694824219,102.94999694824219,44333785,0.0,0.0
2020-07-17,103.6500015258789,106.94999694824219,103.30000305175781,106.4000015258789,106.4000015258789,42080157,0.0,0.0
2020-07-20,106.3499984741211,106.3499984741211,103.8499984741211,105.05000305175781,105.05000305175781,39786731,0.0,0.0
2020-07-21,106.0,109.69999694824219,105.5,108.44999694824219,108.44999694824219,66008143,0.0,0.0
2020-07-22,108.5,109.75,104.25,105.1500015258789,105.1500015258789,50735592,0.0,0.0
2020-07-23,105.44999694824219,106.44999694824219,104.69999694824219,106.05000305175781,106.05000305175781,30722413,0.0,0.0
2020-07-24,104.69999694824219,105.5,102.69999694824219,103.75,103.75,39363520,0.0,0.0
2020-07-27,104.0,104.5,101.30000305175781,101.69999694824219,101.69999694824219,29644533,0.0,0.0
2020-07-28,102.30000305175781,107.19999694824219,102.0,106.44999694824219,106.44999694824219,64271161,0.0,0.0
2020-07-29,108.0999984741211,108.75,104.8499984741211,105.75,105.75,44561639,0.0,0.0
2020-07-30,106.4000015258789,106.75,102.8499984741211,103.6500015258789,103.6500015258789,33378340,0.0,0.0
2020-07-31,104.0,105.4000015258789,102.30000305175781,104.6500015258789,104.6500015258789,33809018,0.0,0.0
2020-08-03,103.0,114.4000015258789,102.9000015258789,113.05000305175781,113.05000305175781,194765344,0.0,0.0
2020-08-04,112.94999694824219,115.0999984741211,110.80000305175781,111.44999694824219,111.44999694824219,95906477,0.0,0.0
2020-08-05,112.4000015258789,117.6500015258789,112.0,115.4000015258789,115.4000015258789,99371050,0.0,0.0
2020-08-06,116.19999694824219,117.69999694824219,115.5,116.80000305175781,116.80000305175781,60092530,0.0,0.0
2020-08-07,117.0,119.69999694824219,116.0,119.0999984741211,119.0999984741211,56489390,0.0,0.0
2020-08-10,119.94999694824219,124.69999694824219,119.69999694824219,123.8499984741211,123.8499984741211,71093810,0.0,0.0
2020-08-11,125.0,125.80000305175781,121.4000015258789,122.30000305175781,122.30000305175781,50224665,0.0,0.0
2020-08-12,121.0,126.4000015258789,120.5999984741211,125.3499984741211,125.3499984741211,50713617,0.0,0.0
2020-08-13,126.0999984741211,131.89999389648438,124.4000015258789,131.14999389648438,131.14999389648438,95489249,0.0,0.0
2020-08-14,131.14999389648438,132.64999389648438,123.69999694824219,124.5999984741211,124.5999984741211,75032834,0.0,0.0
2020-08-17,124.5,126.25,120.5999984741211,123.55000305175781,123.55000305175781,61154250,0.0,0.0
2020-08-18,124.0,127.5,123.5999984741211,125.5999984741211,125.5999984741211,62153763,0.0,0.0
2020-08-19,127.0,127.5999984741211,124.75,125.1500015258789,125.1500015258789,45128613,0.0,0.0
2020-08-20,123.44999694824219,125.6500015258789,121.0999984741211,121.69999694824219,121.69999694824219,43530882,0.0,0.0
2020-08-21,124.19999694824219,124.19999694824219,120.1500015258789,120.9000015258789,120.9000015258789,48650204,0.0,0.0
2020-08-24,122.0,123.0,120.80000305175781,121.19999694824219,121.19999694824219,31294253,0.0,0.0
2020-08-25,121.80000305175781,128.35000610351562,121.0999984741211,127.0999984741211,127.0999984741211,90263366,0.0,0.0
2020-08-26,130.5,139.0,128.35000610351562,137.89999389648438,137.89999389648438,197510376,0.0,0.0
2020-08-27,140.10000610351562,146.85000610351562,139.3000030517578,144.25,144.25,181380747,0.0,0.0
2020-08-28,144.14999389648438,146.1999969482422,140.5,142.8000030517578,142.8000030517578,95194825,0.0,0.0
2020-08-31,144.5,147.9499969482422,138.1999969482422,143.1999969482422,143.1999969482422,160564488,0.0,0.0
2020-09-01,143.39999389648438,145.14999389648438,140.39999389648438,143.8000030517578,143.8000030517578,58811543,0.0,0.0
2020-09-02,144.3000030517578,151.64999389648438,141.4499969482422,150.3000030517578,150.3000030517578,74947929,0.0,0.0
2020-09-03,151.60000610351562,155.1999969482422,149.5500030517578,151.85000610351562,151.85000610351562,110156350,0.0,0.0
2020-09-04,147.89999389648438,153.64999389648438,147.0,147.8000030517578,147.8000030517578,95560889,0.0,0.0
2020-09-07,150.0,152.0,148.0,149.39999389648438,149.39999389648438,82617101,0.0,0.0
2020-09-08,149.4499969482422,149.60000610351562,141.1999969482422,142.3000030517578,142.3000030517578,76286731,0.0,0.0
2020-09-09,141.0,141.75,135.6999969482422,140.10000610351562,140.10000610351562,105355010,0.0,0.0
2020-09-10,142.8000030517578,144.5,138.0,143.3000030517578,143.3000030517578,79606504,0.0,0.0
2020-09-11,143.10000610351562,146.8000030517578,141.64999389648438,144.3000030517578,144.3000030517578,65135339,0.0,0.0
2020-09-14,147.1999969482422,151.10000610351562,145.5,148.5500030517578,148.5500030517578,84505930,0.0,0.0
2020-09-15,149.39999389648438,149.39999389648438,146.5500030517578,148.39999389648438,148.39999389648438,42886817,0.0,0.0
2020-09-16,149.1999969482422,154.3000030517578,148.5500030517578,151.4499969482422,151.4499969482422,85056501,0.0,0.0
2020-09-17,150.8000030517578,151.0,146.1999969482422,147.64999389648438,147.64999389648438,48119360,0.0,0.0
2020-09-18,148.6999969482422,150.5,146.25,147.89999389648438,147.89999389648438,46270863,0.0,0.0
2020-09-21,147.75,147.75,135.5,137.4499969482422,137.4499969482422,64734493,0.0,0.0
2020-09-22,138.0,138.14999389648438,129.64999389648438,133.10000610351562,133.10000610351562,87298020,0.0,0.0
2020-09-23,135.5,136.6999969482422,127.9000015258789,131.39999389648438,131.39999389648438,74981613,0.0,0.0
2020-09-24,127.9000015258789,128.8000030517578,122.1500015258789,122.80000305175781,122.80000305175781,62420957,0.0,0.0
2020-09-25,123.69999694824219,128.35000610351562,123.0999984741211,127.25,127.25,65040759,0.0,0.0
2020-09-28,128.89999389648438,134.3000030517578,127.5,132.85000610351562,132.85000610351562,61830817,0.0,0.0
2020-09-29,134.9499969482422,136.0,130.6999969482422,131.6999969482422,131.6999969482422,63366932,0.0,0.0
2020-09-30,131.5500030517578,134.39999389648438,130.3000030517578,133.3000030517578,133.3000030517578,48859088,0.0,0.0
2020-10-01,135.89999389648438,136.5,132.5500030517578,133.5,133.5,40491744,0.0,0.0
2020-10-05,136.9499969482422,137.5,132.0500030517578,133.89999389648438,133.89999389648438,55268322,0.0,0.0
2020-10-06,138.0,145.8000030517578,136.0,144.75,144.75,161987221,0.0,0.0
2020-10-07,144.25,144.5,139.8000030517578,141.0,141.0,68273641,0.0,0.0
2020-10-08,142.85000610351562,143.5,139.60000610351562,140.9499969482422,140.9499969482422,40900948,0.0,0.0
2020-10-09,141.14999389648438,142.64999389648438,138.0,138.4499969482422,138.4499969482422,37097190,0.0,0.0
2020-10-12,139.64999389648438,139.64999389648438,133.0,135.89999389648438,135.89999389648438,39279109,0.0,0.0
2020-10-13,135.39999389648438,137.10000610351562,132.85000610351562,134.10000610351562,134.10000610351562,38973506,0.0,0.0
2020-10-14,133.75,134.64999389648438,128.8000030517578,130.6999969482422,130.6999969482422,45791440,0.0,0.0
2020-10-15,131.5,134.35000610351562,126.5,126.94999694824219,126.94999694824219,64002864,0.0,0.0
2020-10-16,129.39999389648438,130.0500030517578,126.0,127.75,127.75,62553775,0.0,0.0
2020-10-19,129.8000030517578,130.39999389648438,127.80000305175781,128.25,128.25,33157664,0.0,0.0
2020-10-20,128.10000610351562,130.3000030517578,126.3499984741211,129.64999389648438,129.64999389648438,27465829,0.0,0.0
2020-10-21,131.0500030517578,133.10000610351562,128.3000030517578,130.25,130.25,39252663,0.0,0.0
2020-10-22,129.6999969482422,134.60000610351562,128.4499969482422,133.5,133.5,48808592,0.0,0.0
2020-10-23,134.89999389648438,138.89999389648438,134.10000610351562,137.0,137.0,68711352,0.0,0.0
2020-10-26,138.39999389648438,140.8000030517578,131.25,133.6999969482422,133.6999969482422,88531579,0.0,0.0
2020-10-27,134.14999389648438,136.75,130.85000610351562,135.64999389648438,135.64999389648438,56856159,0.0,0.0
2020-10-28,139.0,143.25,133.5,134.8000030517578,134.8000030517578,152359338,0.0,0.0
2020-10-29,132.0,133.0,130.0,131.89999389648438,131.89999389648438,66632704,0.0,0.0
2020-10-30,133.1999969482422,134.5,130.3000030517578,132.64999389648438,132.64999389648438,51128530,0.0,0.0
2020-11-02,133.64999389648438,134.0,131.10000610351562,132.85000610351562,132.85000610351562,40388690,0.0,0.0
2020-11-03,135.0,137.39999389648438,133.5500030517578,134.10000610351562,134.10000610351562,52071476,0.0,0.0
2020-11-04,135.60000610351562,137.0,134.0,135.89999389648438,135.89999389648438,44675934,0.0,0.0
2020-11-05,137.0,138.0,136.0,137.64999389648438,137.64999389648438,38928602,0.0,0.0
2020-11-06,137.64999389648438,142.3000030517578,137.64999389648438,139.0,139.0,67966815,0.0,0.0
2020-11-09,140.60000610351562,141.5,138.6999969482422,141.0,141.0,40277460,0.0,0.0
2020-11-10,144.0500030517578,146.6999969482422,142.75,146.0,146.0,68794369,0.0,0.0
2020-11-11,146.5,151.5,145.64999389648438,150.9499969482422,150.9499969482422,78583629,0.0,0.0
2020-11-12,150.9499969482422,153.85000610351562,150.0,151.1999969482422,151.1999969482422,56145517,0.0,0.0
2020-11-13,150.0,150.0,145.35000610351562,146.35000610351562,146.35000610351562,32566537,0.0,0.0
2020-11-14,148.6999969482422,150.8000030517578,148.0,148.85000610351562,148.85000610351562,11749453,0.0,0.0
2020-11-17,152.5,159.35000610351562,152.1999969482422,158.0,158.0,82644841,0.0,0.0
2020-11-18,158.85000610351562,178.8000030517578,158.5500030517578,173.5,173.5,171801183,0.0,0.0
2020-11-19,171.39999389648438,176.35000610351562,166.5500030517578,167.9499969482422,167.9499969482422,109449407,0.0,0.0
2020-11-20,170.0500030517578,171.5500030517578,165.5500030517578,169.10000610351562,169.10000610351562,66935703,0.0,0.0
2020-11-23,169.5,173.89999389648438,165.5500030517578,170.6999969482422,170.6999969482422,54566251,0.0,0.0
2020-11-24,171.85000610351562,175.5,171.10000610351562,172.0500030517578,172.0500030517578,47695247,0.0,0.0
2020-11-25,175.0,176.8000030517578,169.25,171.4499969482422,171.4499969482422,54366608,0.0,0.0
2020-11-26,171.60000610351562,175.0,171.0500030517578,173.75,173.75,39094724,0.0,0.0
2020-11-27,174.64999389648438,183.85000610351562,174.64999389648438,180.35000610351562,180.35000610351562,125926062,0.0,0.0
2020-12-01,182.35000610351562,182.39999389648438,178.10000610351562,179.75,179.75,48881250,0.0,0.0
2020-12-02,184.0,187.35000610351562,181.10000610351562,183.60000610351562,183.60000610351562,88107889,0.0,0.0
2020-12-03,185.0,186.0,183.25,184.85000610351562,184.85000610351562,33332481,0.0,0.0
2020-12-04,186.5,188.8000030517578,182.1999969482422,184.14999389648438,184.14999389648438,47995639,0.0,0.0
2020-12-07,184.4499969482422,186.4499969482422,182.6999969482422,183.5500030517578,183.5500030517578,29802472,0.0,0.0
2020-12-08,184.9499969482422,185.6999969482422,178.9499969482422,181.8000030517578,181.8000030517578,42143391,0.0,0.0
2020-12-09,183.0,186.39999389648438,181.64999389648438,182.6999969482422,182.6999969482422,40300535,0.0,0.0
2020-12-10,182.6999969482422,182.6999969482422,176.39999389648438,177.60000610351562,177.60000610351562,38368777,0.0,0.0
2020-12-11,177.9499969482422,181.4499969482422,176.5,178.85000610351562,178.85000610351562,43065542,0.0,0.0
2020-12-14,181.0,181.5,176.6999969482422,177.64999389648438,177.64999389648438,33186273,0.0,0.0
2020-12-15,176.4499969482422,179.6999969482422,173.25,178.89999389648438,178.89999389648438,41190341,0.0,0.0
2020-12-16,181.0,183.8000030517578,180.10000610351562,182.5500030517578,182.5500030517578,51259394,0.0,0.0
2020-12-17,184.0,184.0,180.64999389648438,181.6999969482422,181.6999969482422,34101954,0.0,0.0
2020-12-18,180.89999389648438,181.5,176.64999389648438,180.5500030517578,180.5500030517578,46065197,0.0,0.0
2020-12-21,176.0,177.5500030517578,162.5,164.5500030517578,164.5500030517578,75582907,0.0,0.0
2020-12-22,164.5500030517578,169.1999969482422,156.6999969482422,164.9499969482422,164.9499969482422,110009846,0.0,0.0
2020-12-23,165.0,169.6999969482422,163.39999389648438,169.1999969482422,169.1999969482422,56930071,0.0,0.0
2020-12-24,172.0,178.0,172.0,175.9499969482422,175.9499969482422,73831319,0.0,0.0
2020-12-28,179.85000610351562,187.39999389648438,179.0,186.35000610351562,186.35000610351562,98012135,0.0,0.0
2020-12-29,187.89999389648438,188.4499969482422,181.10000610351562,183.4499969482422,183.4499969482422,71318085,0.0,0.0
2020-12-30,183.10000610351562,185.39999389648438,180.39999389648438,184.14999389648438,184.14999389648438,38576159,0.0,0.0
2020-12-31,184.85000610351562,187.5,182.8000030517578,183.85000610351562,183.85000610351562,48978310,0.0,0.0
2021-01-01,184.9499969482422,187.0,184.5,186.5,186.5,27334421,0.0,0.0
2021-01-04,191.8000030517578,193.0,188.75,191.3000030517578,191.3000030517578,63980597,0.0,0.0
2021-01-05,187.10000610351562,193.89999389648438,185.0500030517578,193.1999969482422,193.1999969482422,75752593,0.0,0.0
2021-01-06,194.4499969482422,197.60000610351562,190.64999389648438,195.39999389648438,195.39999389648438,75621947,0.0,0.0
2021-01-07,197.0,200.35000610351562,195.10000610351562,196.75,196.75,66024848,0.0,0.0
2021-01-08,198.75,201.5,197.10000610351562,198.14999389648438,198.14999389648438,53991568,0.0,0.0
2021-01-11,199.89999389648438,225.39999389648438,199.64999389648438,220.64999389648438,220.64999389648438,182483100,0.0,0.0
2021-01-12,227.0,252.39999389648438,224.10000610351562,237.8000030517578,237.8000030517578,390577839,0.0,0.0
2021-01-13,242.89999389648438,248.8000030517578,238.39999389648438,242.60000610351562,242.60000610351562,164649387,0.0,0.0
2021-01-14,242.85000610351562,249.8000030517578,238.60000610351562,245.10000610351562,245.10000610351562,86819519,0.0,0.0
2021-01-15,246.0,264.6499938964844,242.60000610351562,260.29998779296875,260.29998779296875,250038029,0.0,0.0
2021-01-18,261.6499938964844,262.45001220703125,241.14999389648438,245.9499969482422,245.9499969482422,173383224,0.0,0.0
2021-01-19,251.5,261.70001220703125,251.3000030517578,258.6499938964844,258.6499938964844,136861059,0.0,0.0
2021-01-20,260.0,277.5,258.8500061035156,274.8999938964844,274.8999938964844,205145151,0.0,0.0
2021-01-21,281.0,299.0,280.0,290.6000061035156,290.6000061035156,283614463,0.0,0.0
2021-01-22,295.95001220703125,306.8999938964844,278.3500061035156,289.3500061035156,289.3500061035156,316008609,0.0,0.0
2021-01-25,296.8999938964844,299.5,277.3500061035156,279.1499938964844,279.1499938964844,164346913,0.0,0.0
2021-01-27,274.8999938964844,275.0,265.70001220703125,267.5,267.5,126586833,0.0,0.0
2021-01-28,260.04998779296875,273.3999938964844,259.04998779296875,266.79998779296875,266.79998779296875,129156876,0.0,0.0
2021-01-29,273.0,278.79998779296875,260.6000061035156,262.70001220703125,262.70001220703125,138442348,0.0,0.0
2021-02-01,269.75,282.0,255.35000610351562,279.6000061035156,279.6000061035156,165655500,0.0,0.0
2021-02-02,293.6000061035156,328.8500061035156,290.3999938964844,322.0,322.0,251965965,0.0,0.0
2021-02-03,339.20001220703125,341.8999938964844,326.20001220703125,331.0,331.0,224190114,0.0,0.0
2021-02-04,329.0,334.5,322.45001220703125,326.1499938964844,326.1499938964844,121033002,0.0,0.0
2021-02-05,327.6000061035156,330.0,312.6000061035156,315.8999938964844,315.8999938964844,103512235,0.0,0.0
2021-02-08,318.75,339.25,318.0,335.95001220703125,335.95001220703125,102123614,0.0,0.0
2021-02-09,337.0,338.5,322.20001220703125,325.04998779296875,325.04998779296875,105981081,0.0,0.0
2021-02-10,326.0,332.6499938964844,319.5,328.8999938964844,328.8999938964844,93466949,0.0,0.0
2021-02-11,326.45001220703125,331.3500061035156,323.3999938964844,325.0,325.0,55257166,0.0,0.0
2021-02-12,326.3999938964844,330.5,321.25,325.3999938964844,325.3999938964844,64093642,0.0,0.0
2021-02-15,329.8999938964844,335.79998779296875,324.0,333.3500061035156,333.3500061035156,78680452,0.0,0.0
2021-02-16,335.45001220703125,337.8999938964844,327.5,329.20001220703125,329.20001220703125,65943843,0.0,0.0
2021-02-17,326.8999938964844,334.25,325.45001220703125,330.1499938964844,330.1499938964844,52150941,0.0,0.0
2021-02-18,331.5,331.75,321.1000061035156,323.8500061035156,323.8500061035156,49204247,0.0,0.0
2021-02-19,321.95001220703125,321.95001220703125,301.3999938964844,311.8500061035156,311.8500061035156,80274683,0.0,0.0
2021-02-22,312.45001220703125,313.8999938964844,302.1499938964844,304.5,304.5,57723298,0.0,0.0
2021-02-23,308.5,328.8999938964844,308.5,324.0,324.0,133310157,0.0,0.0
2021-02-24,325.0,330.0,316.5,321.6499938964844,321.6499938964844,50821757,0.0,0.0
2021-02-25,325.3500061035156,334.70001220703125,323.25,333.1499938964844,333.1499938964844,64514912,0.0,0.0
2021-02-26,323.0,332.95001220703125,318.8500061035156,322.95001220703125,322.95001220703125,91901339,0.0,0.0
2021-03-01,330.0,331.8500061035156,322.70001220703125,328.29998779296875,328.29998779296875,61190868,0.0,0.0
2021-03-02,331.1000061035156,347.20001220703125,326.45001220703125,345.75,345.75,127708761,0.0,0.0
2021-03-03,348.6499938964844,357.0,346.5,348.5,348.5,92006451,0.0,0.0
2021-03-04,339.0,345.3999938964844,337.29998779296875,339.20001220703125,339.20001220703125,59863169,0.0,0.0
2021-03-05,333.0,337.8500061035156,319.70001220703125,325.1499938964844,325.1499938964844,86738909,0.0,0.0
2021-03-08,331.75,331.75,318.79998779296875,321.25,321.25,81925952,0.0,0.0
2021-03-09,325.0,328.3500061035156,309.6000061035156,315.20001220703125,315.20001220703125,74702208,0.0,0.0
2021-03-10,319.5,324.45001220703125,316.70001220703125,321.45001220703125,321.45001220703125,58643853,0.0,0.0
2021-03-12,325.04998779296875,326.5,314.1499938964844,317.54998779296875,317.54998779296875,48360842,0.0,0.0
2021-03-15,320.0,320.3999938964844,310.04998779296875,318.54998779296875,318.54998779296875,45081385,0.0,0.0
2021-03-16,321.0,321.8999938964844,315.1000061035156,319.95001220703125,319.95001220703125,39267404,0.0,0.0
2021-03-17,318.6000061035156,320.0,304.0,305.79998779296875,305.79998779296875,47262481,0.0,0.0
2021-03-18,311.0,316.6000061035156,299.75,307.0,307.0,73731921,0.0,0.0
2021-03-19,303.5,311.0,290.20001220703125,308.95001220703125,308.95001220703125,109932681,0.0,0.0
2021-03-22,306.45001220703125,307.5,300.1000061035156,303.04998779296875,303.04998779296875,56385019,0.0,0.0
2021-03-23,305.0,312.25,304.0,307.3999938964844,307.3999938964844,60240483,0.0,0.0
2021-03-24,303.54998779296875,305.0,293.20001220703125,294.45001220703125,294.45001220703125,61523819,0.0,0.0
2021-03-25,294.0,294.0,282.25,285.54998779296875,285.54998779296875,84528317,0.0,0.0
2021-03-26,290.5,301.3999938964844,290.5,296.3999938964844,296.3999938964844,80924011,0.0,0.0
2021-03-30,300.5,301.29998779296875,292.70001220703125,297.04998779296875,297.04998779296875,45257233,0.0,0.0
2021-03-31,299.0,307.5,297.5,301.79998779296875,301.79998779296875,58569012,0.0,0.0
2021-04-01,306.75,309.8500061035156,303.04998779296875,307.75,307.75,44088352,0.0,0.0
2021-04-05,306.79998779296875,311.70001220703125,297.20001220703125,305.04998779296875,305.04998779296875,66178755,0.0,0.0
2021-04-06,306.1499938964844,313.79998779296875,304.79998779296875,307.75,307.75,63031783,0.0,0.0
2021-04-07,306.75,310.6499938964844,305.1000061035156,307.79998779296875,307.79998779296875,39073986,0.0,0.0
2021-04-08,307.8999938964844,319.79998779296875,307.5,313.95001220703125,313.95001220703125,62459774,0.0,0.0
2021-04-09,313.20001220703125,325.0,312.5,318.20001220703125,318.20001220703125,75462572,0.0,0.0
2021-04-12,307.8500061035156,307.8500061035156,282.8999938964844,286.54998779296875,286.54998779296875,105342538,0.0,0.0
2021-04-13,287.25,304.54998779296875,280.54998779296875,302.8500061035156,302.8500061035156,116874853,0.0,0.0
2021-04-15,303.0,307.54998779296875,296.5,303.5,303.5,75262749,0.0,0.0
2021-04-16,302.0,315.0,300.1499938964844,310.0,310.0,75330709,0.0,0.0
2021-04-19,295.0,304.5,292.79998779296875,301.3999938964844,301.3999938964844,65791784,0.0,0.0
2021-04-20,307.70001220703125,308.1499938964844,294.20001220703125,298.04998779296875,298.04998779296875,56740291,0.0,0.0
2021-04-22,294.0,302.5,292.20001220703125,294.54998779296875,294.54998779296875,61022978,0.0,0.0
2021-04-23,291.0,300.0,290.5,294.0,294.0,58158986,0.0,0.0
2021-04-26,297.0,299.0,294.6000061035156,295.3999938964844,295.3999938964844,30583139,0.0,0.0
2021-04-27,295.70001220703125,302.5,295.1000061035156,301.5,301.5,35040532,0.0,0.0
2021-04-28,303.5,309.5,303.0,305.8999938964844,305.8999938964844,44668126,0.0,0.0
2021-04-29,308.8999938964844,310.0,301.25,301.8999938964844,301.8999938964844,36647292,0.0,0.0
2021-04-30,298.20001220703125,301.29998779296875,292.54998779296875,293.8500061035156,293.8500061035156,36121668,0.0,0.0
2021-05-03,289.29998779296875,294.75,285.0,293.0,293.0,35376618,0.0,0.0
2021-05-04,296.3500061035156,299.75,288.04998779296875,289.45001220703125,289.45001220703125,38640006,0.0,0.0
2021-05-05,293.5,293.8999938964844,288.5,291.5,291.5,29350536,0.0,0.0
2021-05-06,291.5,302.0,290.29998779296875,301.25,301.25,45032502,0.0,0.0
2021-05-07,303.0,305.95001220703125,300.5,302.75,302.75,41591323,0.0,0.0
2021-05-10,304.5,315.70001220703125,304.0,314.8500061035156,314.8500061035156,53260388,0.0,0.0
2021-05-11,309.54998779296875,320.75,308.1000061035156,315.54998779296875,315.54998779296875,58472304,0.0,0.0
2021-05-12,318.25,334.75,316.25,326.0,326.0,111584920,0.0,0.0
2021-05-14,329.3500061035156,329.5,310.0,312.25,312.25,81305325,0.0,0.0
2021-05-17,315.3999938964844,323.8500061035156,311.3999938964844,321.1000061035156,321.1000061035156,51162423,0.0,0.0
2021-05-18,325.95001220703125,336.6499938964844,324.0,332.45001220703125,332.45001220703125,86153088,0.0,0.0
2021-05-19,313.0,322.95001220703125,312.1000061035156,314.45001220703125,314.45001220703125,119407026,0.0,0.0
2021-05-20,316.0,316.6000061035156,306.1000061035156,307.70001220703125,307.70001220703125,54043899,0.0,0.0
2021-05-21,312.0,315.70001220703125,309.5,313.1000061035156,313.1000061035156,40358753,0.0,0.0
2021-05-24,314.75,315.79998779296875,310.20001220703125,311.8500061035156,311.8500061035156,31963997,0.0,0.0
2021-05-25,315.54998779296875,319.0,313.8500061035156,315.25,315.25,37382263,0.0,0.0
2021-05-26,316.1000061035156,320.0,314.79998779296875,315.5,315.5,28639717,0.0,0.0
2021-05-27,317.04998779296875,323.45001220703125,316.54998779296875,318.6000061035156,318.6000061035156,49484106,0.0,0.0
2021-05-28,322.6499938964844,324.5,316.5,318.75,318.75,26618815,0.0,0.0
2021-05-31,318.70001220703125,319.75,312.1000061035156,318.75,318.75,30917309,0.0,0.0
2021-06-01,319.20001220703125,325.70001220703125,317.29998779296875,318.1000061035156,318.1000061035156,32595728,0.0,0.0
2021-06-02,315.95001220703125,324.3999938964844,315.6000061035156,323.0,323.0,26323777,0.0,0.0
2021-06-03,325.29998779296875,327.70001220703125,323.6499938964844,325.6499938964844,325.6499938964844,21408371,0.0,0.0
2021-06-04,325.1499938964844,336.8999938964844,324.25,334.95001220703125,334.95001220703125,41278749,0.0,0.0
2021-06-07,339.75,351.0,339.75,345.5,345.5,64986814,0.0,0.0
2021-06-08,346.25,356.6499938964844,337.5,352.75,352.75,44104954,0.0,0.0
2021-06-09,356.20001220703125,358.8999938964844,339.75,343.3500061035156,343.3500061035156,59334814,0.0,0.0
2021-06-10,345.20001220703125,347.8500061035156,342.3999938964844,344.75,344.75,24351860,0.0,0.0
2021-06-11,346.0,352.8999938964844,344.3500061035156,350.75,350.75,36441967,0.0,0.0
2021-06-14,350.04998779296875,357.8999938964844,341.1000061035156,355.95001220703125,355.95001220703125,38482142,0.0,0.0
2021-06-15,355.75,360.75,351.5,352.70001220703125,352.70001220703125,35526159,0.0,0.0
2021-06-16,350.1000061035156,356.0,348.1000061035156,349.3500061035156,349.3500061035156,27550588,0.0,0.0
2021-06-17,348.3999938964844,352.8999938964844,342.25,345.6499938964844,345.6499938964844,29236974,0.0,0.0
2021-06-18,345.6499938964844,346.8999938964844,329.0,337.3999938964844,337.3999938964844,49440514,0.0,0.0
2021-06-21,330.8999938964844,335.79998779296875,326.20001220703125,334.29998779296875,334.29998779296875,29123887,0.0,0.0
2021-06-22,337.1000061035156,344.29998779296875,336.1499938964844,337.8999938964844,337.8999938964844,26708459,0.0,0.0
2021-06-23,341.0,343.25,334.29998779296875,335.25,335.25,25741628,0.0,0.0
2021-06-24,335.0,337.3999938964844,333.3500061035156,334.6499938964844,334.6499938964844,15580223,0.0,0.0
2021-06-25,335.8999938964844,342.79998779296875,335.8999938964844,339.6499938964844,339.6499938964844,22426352,0.0,0.0
2021-06-28,340.79998779296875,345.0,337.54998779296875,342.79998779296875,342.79998779296875,17843975,0.0,0.0
2021-06-29,342.6499938964844,346.5,339.6000061035156,341.54998779296875,341.54998779296875,22462297,0.0,0.0
2021-06-30,342.0,345.3500061035156,338.8500061035156,339.6000061035156,339.6000061035156,18277841,0.0,0.0
2021-07-01,341.5,347.3999938964844,341.20001220703125,344.25,344.25,27944816,0.0,0.0
2021-07-02,345.29998779296875,345.54998779296875,340.5,344.8999938964844,344.8999938964844,18304387,0.0,0.0
2021-07-05,347.04998779296875,350.1000061035156,344.0,346.1000061035156,346.1000061035156,18399524,0.0,0.0
2021-07-06,348.0,358.20001220703125,311.5,316.8999938964844,316.8999938964844,164083830,0.0,0.0
2021-07-07,316.0,319.1000061035156,306.25,317.1000061035156,317.1000061035156,112183313,0.0,0.0
2021-07-08,314.79998779296875,314.79998779296875,305.0,306.3500061035156,306.3500061035156,87360324,0.0,0.0
2021-07-09,305.79998779296875,308.8500061035156,301.8500061035156,306.29998779296875,306.29998779296875,48807214,0.0,0.0
2021-07-12,310.79998779296875,312.0,306.1000061035156,307.45001220703125,307.45001220703125,32282319,0.0,0.0
2021-07-13,310.0,312.25,308.1499938964844,310.95001220703125,310.95001220703125,25736308,0.0,0.0
2021-07-14,310.0,313.29998779296875,308.6499938964844,309.54998779296875,309.54998779296875,21863250,0.0,0.0
2021-07-15,310.5,312.8500061035156,307.6000061035156,310.25,310.25,23617599,0.0,0.0
2021-07-16,311.1000061035156,315.45001220703125,310.5,311.25,311.25,25148606,0.0,0.0
2021-07-19,308.95001220703125,310.29998779296875,306.0,308.8500061035156,308.8500061035156,21346348,0.0,0.0
2021-07-20,307.0,308.0,301.04998779296875,302.1499938964844,302.1499938964844,27672567,0.0,0.0
2021-07-22,305.5,307.45001220703125,301.04998779296875,302.54998779296875,302.54998779296875,21338361,0.0,0.0
2021-07-23,300.5,301.8999938964844,295.0,295.54998779296875,295.54998779296875,33435130,0.0,0.0
2021-07-26,295.0,297.0,291.0,293.1499938964844,293.1499938964844,27502360,0.0,0.0
2021-07-27,293.0,297.6499938964844,288.6000061035156,291.3999938964844,291.3999938964844,55132877,0.0,0.0
2021-07-28,290.0,290.8999938964844,283.6000061035156,284.45001220703125,284.45001220703125,36139725,0.0,0.0
2021-07-29,287.54998779296875,295.3999938964844,287.54998779296875,292.8999938964844,292.8999938964844,57733359,0.0,0.0
2021-07-30,294.0,300.0,293.25,293.95001220703125,293.95001220703125,30589609,0.0,0.0
2021-08-02,299.1499938964844,299.3999938964844,295.6000061035156,296.8500061035156,296.8500061035156,19273390,0.0,0.0
2021-08-03,298.5,304.5,297.70001220703125,303.70001220703125,303.70001220703125,31063992,0.0,0.0
2021-08-04,304.75,306.45001220703125,297.20001220703125,298.1499938964844,298.1499938964844,26186248,0.0,0.0
2021-08-05,295.5,300.8999938964844,292.75,299.70001220703125,299.70001220703125,20704901,0.0,0.0
2021-08-06,300.04998779296875,303.3999938964844,297.6499938964844,300.04998779296875,300.04998779296875,16001898,0.0,0.0
2021-08-09,300.75,304.20001220703125,296.04998779296875,298.1000061035156,298.1000061035156,16985859,0.0,0.0
2021-08-10,297.8999938964844,300.20001220703125,291.0,294.20001220703125,294.20001220703125,15173990,0.0,0.0
2021-08-11,295.29998779296875,297.79998779296875,286.45001220703125,295.45001220703125,295.45001220703125,20802022,0.0,0.0
2021-08-12,297.29998779296875,307.3999938964844,297.29998779296875,306.0,306.0,33652880,0.0,0.0
2021-08-13,308.79998779296875,311.5,303.04998779296875,307.25,307.25,34922863,0.0,0.0
2021-08-16,305.95001220703125,307.8500061035156,303.04998779296875,303.70001220703125,303.70001220703125,14348786,0.0,0.0
2021-08-17,302.79998779296875,302.79998779296875,292.79998779296875,297.70001220703125,297.70001220703125,25539214,0.0,0.0
2021-08-18,296.8999938964844,297.75,292.6000061035156,293.3500061035156,293.3500061035156,18004320,0.0,0.0
2021-08-20,289.5,290.70001220703125,281.0,283.1000061035156,283.1000061035156,32578752,0.0,0.0
2021-08-23,287.20001220703125,288.29998779296875,275.0,276.95001220703125,276.95001220703125,24498294,0.0,0.0
2021-08-24,278.5,281.5,268.45001220703125,279.79998779296875,279.79998779296875,37589121,0.0,0.0
2021-08-25,282.79998779296875,289.20001220703125,282.45001220703125,284.3999938964844,284.3999938964844,31538128,0.0,0.0
2021-08-26,284.8500061035156,287.3500061035156,281.6499938964844,284.29998779296875,284.29998779296875,17864053,0.0,0.0
2021-08-27,282.8999938964844,286.79998779296875,281.70001220703125,285.75,285.75,13477390,0.0,0.0
2021-08-30,290.1000061035156,293.5,289.8999938964844,291.95001220703125,291.95001220703125,17217097,0.0,0.0
2021-08-31,291.75,291.95001220703125,286.1000061035156,287.29998779296875,287.29998779296875,36951003,0.0,0.0
2021-09-01,289.0,297.3999938964844,287.29998779296875,295.25,295.25,33103168,0.0,0.0
2021-09-02,295.25,296.29998779296875,291.70001220703125,293.1499938964844,293.1499938964844,14907001,0.0,0.0
2021-09-03,292.5,296.45001220703125,292.0,295.54998779296875,295.54998779296875,16594135,0.0,0.0
2021-09-06,297.5,298.95001220703125,296.0,297.45001220703125,297.45001220703125,16622865,0.0,0.0
2021-09-07,297.3500061035156,297.79998779296875,290.8999938964844,294.6000061035156,294.6000061035156,14325904,0.0,0.0
2021-09-08,293.5,298.79998779296875,291.6000061035156,295.25,295.25,14920479,0.0,0.0
2021-09-09,294.0,303.5,293.54998779296875,298.95001220703125,298.95001220703125,34020970,0.0,0.0
2021-09-13,299.0,302.0,295.5,301.20001220703125,301.20001220703125,16339860,0.0,0.0
2021-09-14,302.25,307.20001220703125,302.20001220703125,306.1000061035156,306.1000061035156,23234649,0.0,0.0
2021-09-15,306.1000061035156,313.0,306.1000061035156,311.95001220703125,311.95001220703125,26808872,0.0,0.0
2021-09-16,313.3999938964844,315.0,307.6499938964844,311.6499938964844,311.6499938964844,26249369,0.0,0.0
2021-09-17,312.0,315.3500061035156,306.0,308.6000061035156,308.6000061035156,24972069,0.0,0.0
2021-09-20,304.8999938964844,310.25,297.29998779296875,298.95001220703125,298.95001220703125,19632688,0.0,0.0
2021-09-21,298.6000061035156,302.70001220703125,293.1000061035156,301.95001220703125,301.95001220703125,19439330,0.0,0.0
2021-09-22,303.1499938964844,313.79998779296875,303.0,310.1000061035156,310.1000061035156,29545253,0.0,0.0
2021-09-23,313.20001220703125,324.0,313.20001220703125,321.5,321.5,52701665,0.0,0.0
2021-09-24,325.1000061035156,326.95001220703125,316.04998779296875,317.95001220703125,317.95001220703125,28901243,0.0,0.0
2021-09-27,323.1499938964844,333.6000061035156,323.1499938964844,331.6499938964844,331.6499938964844,56305136,0.0,0.0
2021-09-28,334.0,336.0,324.5,329.29998779296875,329.29998779296875,28497009,0.0,0.0
2021-09-29,325.0,333.0,324.0,330.25,330.25,19740150,0.0,0.0
2021-09-30,331.25,337.8999938964844,329.1000061035156,333.3500061035156,333.3500061035156,30268517,0.0,0.0
2021-10-01,332.6499938964844,337.29998779296875,325.70001220703125,333.29998779296875,333.29998779296875,29877695,0.0,0.0
2021-10-04,336.79998779296875,343.25,335.1499938964844,342.0,342.0,29553072,0.0,0.0
2021-10-05,340.45001220703125,351.5,338.8500061035156,344.95001220703125,344.95001220703125,31861985,0.0,0.0
2021-10-06,347.0,348.70001220703125,335.0,336.04998779296875,336.04998779296875,25272592,0.0,0.0
2021-10-07,341.1000061035156,383.0,339.25,376.5,376.5,163238084,0.0,0.0
2021-10-08,385.8999938964844,397.54998779296875,380.0,382.95001220703125,382.95001220703125,93728117,0.0,0.0
2021-10-11,390.1499938964844,420.8999938964844,388.0,415.75,415.75,113404983,0.0,0.0
2021-10-12,423.0,435.70001220703125,413.6000061035156,420.8500061035156,420.8500061035156,97349265,0.0,0.0
2021-10-13,462.8999938964844,523.8499755859375,462.8999938964844,506.8999938964844,506.8999938964844,197949387,0.0,0.0
2021-10-14,530.0,530.0,492.0,497.6000061035156,497.6000061035156,103630901,0.0,0.0
2021-10-18,507.0,525.0,503.6000061035156,509.6000061035156,509.6000061035156,72322623,0.0,0.0
2021-10-19,512.4500122070312,517.4000244140625,476.04998779296875,481.8999938964844,481.8999938964844,57428637,0.0,0.0
2021-10-20,481.79998779296875,497.0,471.25,486.8999938964844,486.8999938964844,55444814,0.0,0.0
2021-10-21,491.75,510.3999938964844,485.75,508.0,508.0,52608672,0.0,0.0
2021-10-22,509.8999938964844,510.70001220703125,487.3999938964844,490.8999938964844,490.8999938964844,42742785,0.0,0.0
2021-10-25,493.8999938964844,496.0,473.25,479.8999938964844,479.8999938964844,33107841,0.0,0.0
2021-10-26,483.5,510.0,483.25,508.6499938964844,508.6499938964844,58027770,0.0,0.0
2021-10-27,505.75,506.54998779296875,496.0,497.8999938964844,497.8999938964844,30361263,0.0,0.0
2021-10-28,493.8999938964844,493.8999938964844,478.54998779296875,481.04998779296875,481.04998779296875,25182748,0.0,0.0
2021-10-29,482.0,491.6000061035156,467.70001220703125,483.70001220703125,483.70001220703125,31054342,0.0,0.0
2021-11-01,486.45001220703125,489.70001220703125,469.79998779296875,485.70001220703125,485.70001220703125,34315690,0.0,0.0
2021-11-02,506.5,510.0,486.5,487.8500061035156,487.8500061035156,51580720,0.0,0.0
2021-11-03,483.79998779296875,495.0,481.6000061035156,484.8999938964844,484.8999938964844,22950198,0.0,0.0
2021-11-04,489.79998779296875,493.54998779296875,488.0,489.70001220703125,489.70001220703125,5531940,0.0,0.0
2021-11-08,493.8999938964844,504.8500061035156,490.25,501.3999938964844,501.3999938964844,31736426,0.0,0.0
2021-11-09,505.0,520.6500244140625,503.5,509.6499938964844,509.6499938964844,50458762,0.0,0.0
2021-11-10,506.25,515.9500122070312,500.20001220703125,510.75,510.75,26615777,0.0,0.0
2021-11-11,510.0,519.0,501.0,503.45001220703125,503.45001220703125,29256213,0.0,0.0
2021-11-12,506.95001220703125,509.54998779296875,497.3500061035156,507.04998779296875,507.04998779296875,20731808,0.0,0.0
2021-11-15,506.25,514.9000244140625,504.5,505.45001220703125,505.45001220703125,18014977,0.0,0.0
2021-11-16,506.8999938964844,526.8499755859375,506.20001220703125,519.0499877929688,519.0499877929688,55897781,0.0,0.0
2021-11-17,520.25,536.7000122070312,520.25,530.1500244140625,530.1500244140625,48463415,0.0,0.0
2021-11-18,531.4500122070312,534.2000122070312,501.29998779296875,509.70001220703125,509.70001220703125,47197742,0.0,0.0
2021-11-22,512.25,512.25,478.3999938964844,486.1000061035156,486.1000061035156,40044849,0.0,0.0
2021-11-23,484.3999938964844,499.3500061035156,477.0,495.5,495.5,27553684,0.0,0.0
2021-11-24,499.0,501.79998779296875,485.29998779296875,488.6499938964844,488.6499938964844,20915837,0.0,0.0
2021-11-25,490.79998779296875,495.1499938964844,486.5,492.75,492.75,15336539,0.0,0.0
2021-11-26,486.0,486.75,458.0,460.20001220703125,460.20001220703125,51787989,0.0,0.0
2021-11-29,457.0,470.75,443.1000061035156,461.45001220703125,461.45001220703125,42819150,0.0,0.0
2021-11-30,466.54998779296875,478.0,455.6499938964844,458.6000061035156,458.6000061035156,35471800,0.0,0.0
2021-12-01,467.8500061035156,478.3999938964844,463.54998779296875,475.25,475.25,28256188,0.0,0.0
2021-12-02,479.3999938964844,480.45001220703125,471.70001220703125,479.1000061035156,479.1000061035156,21012008,0.0,0.0
2021-12-03,480.0,484.70001220703125,477.29998779296875,480.1000061035156,480.1000061035156,20948900,0.0,0.0
2021-12-06,480.1000061035156,480.8999938964844,466.0,467.20001220703125,467.20001220703125,17473075,0.0,0.0
2021-12-07,476.8500061035156,484.8999938964844,471.0,481.79998779296875,481.79998779296875,21280797,0.0,0.0
2021-12-08,484.5,495.95001220703125,483.5,493.8999938964844,493.8999938964844,20581817,0.0,0.0
2021-12-09,498.0,498.5,489.54998779296875,493.95001220703125,493.95001220703125,16951593,0.0,0.0
2021-12-10,487.75,496.79998779296875,486.54998779296875,494.45001220703125,494.45001220703125,14567815,0.0,0.0
2021-12-13,499.45001220703125,506.3999938964844,494.20001220703125,495.3500061035156,495.3500061035156,21921272,0.0,0.0
2021-12-14,491.95001220703125,491.95001220703125,483.29998779296875,489.3999938964844,489.3999938964844,17722547,0.0,0.0
2021-12-15,487.79998779296875,497.70001220703125,487.25,491.6499938964844,491.6499938964844,16263723,0.0,0.0
2021-12-16,495.0,496.5,487.3999938964844,491.95001220703125,491.95001220703125,13581352,0.0,0.0
2021-12-17,488.0,488.8500061035156,468.20001220703125,470.20001220703125,470.20001220703125,27341178,0.0,0.0
2021-12-20,459.8999938964844,460.0,440.0,447.04998779296875,447.04998779296875,33007516,0.0,0.0
2021-12-21,452.1000061035156,460.8999938964844,449.8500061035156,453.6000061035156,453.6000061035156,18838054,0.0,0.0
2021-12-22,458.1499938964844,472.1499938964844,458.1499938964844,470.5,470.5,22730750,0.0,0.0
2021-12-23,476.0,478.0,470.95001220703125,472.3500061035156,472.3500061035156,12116814,0.0,0.0
2021-12-24,474.8999938964844,474.8999938964844,460.0,467.6000061035156,467.6000061035156,15487368,0.0,0.0
2021-12-27,465.70001220703125,472.45001220703125,460.1000061035156,471.1499938964844,471.1499938964844,12557565,0.0,0.0
2021-12-28,475.20001220703125,482.79998779296875,472.6499938964844,480.20001220703125,480.20001220703125,22860916,0.0,0.0
2021-12-29,478.75,481.6000061035156,474.25,476.0,476.0,10263884,0.0,0.0
2021-12-30,472.54998779296875,476.3999938964844,468.6000061035156,470.3999938964844,470.3999938964844,11923961,0.0,0.0
2021-12-31,472.70001220703125,483.6000061035156,471.8500061035156,482.3999938964844,482.3999938964844,15541446,0.0,0.0
2022-01-03,493.5,500.8500061035156,492.0,497.6000061035156,497.6000061035156,32748423,0.0,0.0
2022-01-04,496.79998779296875,499.0,484.04998779296875,489.6000061035156,489.6000061035156,24100985,0.0,0.0
2022-01-05,486.95001220703125,492.75,483.54998779296875,489.75,489.75,15420105,0.0,0.0
2022-01-06,481.5,492.95001220703125,477.1000061035156,488.8500061035156,488.8500061035156,16563230,0.0,0.0
2022-01-07,490.04998779296875,495.5,483.75,490.6000061035156,490.6000061035156,15532165,0.0,0.0
2022-01-10,493.1000061035156,504.8999938964844,491.29998779296875,503.70001220703125,503.70001220703125,25193771,0.0,0.0
2022-01-11,503.0,507.8999938964844,498.1499938964844,501.29998779296875,501.29998779296875,16269193,0.0,0.0
2022-01-12,505.8500061035156,511.8500061035156,503.5,507.25,507.25,16255334,0.0,0.0
2022-01-13,504.0,513.7999877929688,494.79998779296875,511.95001220703125,511.95001220703125,27572553,0.0,0.0
2022-01-14,509.0,515.4000244140625,505.6499938964844,509.8999938964844,509.8999938964844,12655602,0.0,0.0
2022-01-17,514.7999877929688,526.9000244140625,512.0,525.0,525.0,27942414,0.0,0.0
2022-01-18,527.9000244140625,528.5,507.1499938964844,510.79998779296875,510.79998779296875,19353195,0.0,0.0
2022-01-19,510.0,522.2000122070312,504.79998779296875,520.8499755859375,520.8499755859375,21799071,0.0,0.0
2022-01-20,519.9500122070312,523.2000122070312,512.0,515.7000122070312,515.7000122070312,18364451,0.0,0.0
2022-01-21,510.3999938964844,513.8499755859375,494.25,501.8500061035156,501.8500061035156,17946821,0.0,0.0
2022-01-24,499.70001220703125,504.29998779296875,473.3500061035156,478.45001220703125,478.45001220703125,25228959,0.0,0.0
2022-01-25,473.79998779296875,492.5,467.6499938964844,490.54998779296875,490.54998779296875,22565698,0.0,0.0
2022-01-27,480.75,502.70001220703125,476.6000061035156,494.3999938964844,494.3999938964844,26676094,0.0,0.0
2022-01-28,500.5,509.3500061035156,495.29998779296875,497.29998779296875,497.29998779296875,21784640,0.0,0.0
2022-01-31,505.0,520.0,498.20001220703125,517.75,517.75,27306578,0.0,0.0
2022-02-01,508.0,514.75,493.0,504.29998779296875,504.29998779296875,48030231,0.0,0.0
2022-02-02,508.6000061035156,514.4500122070312,505.1499938964844,506.3999938964844,506.3999938964844,14311040,0.0,0.0
2022-02-03,509.1000061035156,514.2999877929688,502.8500061035156,504.5,504.5,15249245,0.0,0.0
2022-02-04,503.79998779296875,507.79998779296875,499.0,500.6000061035156,500.6000061035156,12663199,0.0,0.0
2022-02-07,502.8999938964844,504.3500061035156,492.5,494.6000061035156,494.6000061035156,13392910,0.0,0.0
2022-02-08,498.0,498.5,479.1499938964844,492.75,492.75,23378623,0.0,0.0
2022-02-09,496.5,503.70001220703125,494.70001220703125,501.25,501.25,12430730,0.0,0.0
2022-02-10,506.70001220703125,510.5,504.20001220703125,507.45001220703125,507.45001220703125,14537945,0.0,0.0
2022-02-11,503.25,507.0,497.0,498.8500061035156,498.8500061035156,13534899,0.0,0.0
2022-02-14,487.0,488.5,468.79998779296875,471.45001220703125,471.45001220703125,22157389,0.0,0.0
2022-02-15,476.1499938964844,505.5,467.29998779296875,504.0,504.0,30623088,0.0,0.0
2022-02-16,504.0,507.8999938964844,496.6000061035156,498.45001220703125,498.45001220703125,20176993,0.0,0.0
2022-02-17,505.8999938964844,511.5,498.29998779296875,499.95001220703125,499.95001220703125,27943077,0.0,0.0
2022-02-18,498.0,502.6499938964844,491.5,493.1499938964844,493.1499938964844,15476803,0.0,0.0
2022-02-21,490.1499938964844,500.3999938964844,486.1000061035156,494.45001220703125,494.45001220703125,22592161,0.0,0.0
2022-02-22,480.54998779296875,486.29998779296875,471.45001220703125,478.25,478.25,27957544,0.0,0.0
2022-02-23,481.75,485.3999938964844,475.29998779296875,477.0,477.0,17703998,0.0,0.0
2022-02-24,455.95001220703125,461.54998779296875,405.45001220703125,427.95001220703125,427.95001220703125,57265685,0.0,0.0
2022-02-25,444.8500061035156,465.70001220703125,441.6000061035156,459.75,459.75,48876182,0.0,0.0
2022-02-28,445.0,457.3500061035156,440.45001220703125,454.04998779296875,454.04998779296875,34475468,0.0,0.0
2022-03-02,452.95001220703125,454.25,444.54998779296875,447.6000061035156,447.6000061035156,25791134,0.0,0.0
2022-03-03,458.5,458.5,435.0,437.1000061035156,437.1000061035156,29599672,0.0,0.0
2022-03-04,431.8500061035156,431.8500061035156,414.75,417.25,417.25,38765185,0.0,0.0
2022-03-07,401.75,401.75,387.5,394.0,394.0,44836205,0.0,0.0
2022-03-08,390.5,395.45001220703125,376.3500061035156,391.75,391.75,55543383,0.0,0.0
2022-03-09,394.95001220703125,409.25,389.5,405.8999938964844,405.8999938964844,48376222,0.0,0.0
2022-03-10,427.0,434.95001220703125,414.0,419.6000061035156,419.6000061035156,59776817,0.0,0.0
2022-03-11,413.6000061035156,421.1499938964844,407.3999938964844,418.1499938964844,418.1499938964844,51510243,0.0,0.0
2022-03-14,418.75,419.0,404.0,411.70001220703125,411.70001220703125,40721277,0.0,0.0
2022-03-15,409.8500061035156,424.20001220703125,408.0,413.6499938964844,413.6499938964844,47706136,0.0,0.0
2022-03-16,427.04998779296875,428.54998779296875,420.70001220703125,424.8999938964844,424.8999938964844,27191170,0.0,0.0
2022-03-17,432.0,435.70001220703125,429.54998779296875,433.79998779296875,433.79998779296875,26704541,0.0,0.0
2022-03-21,435.5,436.29998779296875,427.1000061035156,427.95001220703125,427.95001220703125,18270995,0.0,0.0
2022-03-22,428.1000061035156,441.45001220703125,421.20001220703125,440.3500061035156,440.3500061035156,30441493,0.0,0.0
2022-03-23,443.5,447.0,434.6000061035156,435.79998779296875,435.79998779296875,25466395,0.0,0.0
2022-03-24,430.0,435.3999938964844,427.54998779296875,433.20001220703125,433.20001220703125,17109723,0.0,0.0
2022-03-25,437.0,437.0,427.6499938964844,432.1000061035156,432.1000061035156,15104414,0.0,0.0
2022-03-28,432.0,434.95001220703125,426.5,432.70001220703125,432.70001220703125,16757901,0.0,0.0
2022-03-29,436.0,439.3500061035156,431.3999938964844,433.70001220703125,433.70001220703125,18710736,0.0,0.0
2022-03-30,438.45001220703125,442.5,434.25,435.6499938964844,435.6499938964844,18149488,0.0,0.0
2022-03-31,436.0,438.29998779296875,432.6000061035156,433.75,433.75,14248045,0.0,0.0
2022-04-01,434.0,442.25,430.8500061035156,441.1499938964844,441.1499938964844,19380324,0.0,0.0
2022-04-04,444.3999938964844,449.5,441.29998779296875,446.75,446.75,18657201,0.0,0.0
2022-04-05,450.0,461.8999938964844,448.29998779296875,458.04998779296875,458.04998779296875,28530470,0.0,0.0
2022-04-06,455.8999938964844,462.70001220703125,452.6000061035156,456.1499938964844,456.1499938964844,24974477,0.0,0.0
2022-04-07,456.5,459.1000061035156,448.5,449.5,449.5,19950241,0.0,0.0
2022-04-08,450.0,456.25,449.70001220703125,452.04998779296875,452.04998779296875,16315704,0.0,0.0
2022-04-11,457.0,458.8999938964844,451.0,452.04998779296875,452.04998779296875,14339854,0.0,0.0
2022-04-12,450.79998779296875,450.79998779296875,435.0,438.29998779296875,438.29998779296875,22698696,0.0,0.0
2022-04-13,441.79998779296875,442.8500061035156,430.1000061035156,431.04998779296875,431.04998779296875,16817981,0.0,0.0
2022-04-18,430.0,436.3500061035156,423.6499938964844,433.79998779296875,433.79998779296875,15298361,0.0,0.0
2022-04-19,436.75,440.25,417.0,424.95001220703125,424.95001220703125,12669041,0.0,0.0
2022-04-20,431.0,441.70001220703125,428.25,440.54998779296875,440.54998779296875,19639290,0.0,0.0
2022-04-21,444.5,449.3500061035156,441.04998779296875,448.04998779296875,448.04998779296875,14124872,0.0,0.0
2022-04-22,442.04998779296875,447.25,438.0,438.8500061035156,438.8500061035156,14362036,0.0,0.0
2022-04-25,432.75,436.0,423.1499938964844,425.1499938964844,425.1499938964844,14729009,0.0,0.0
2022-04-26,433.8999938964844,437.45001220703125,431.6000061035156,434.8999938964844,434.8999938964844,13577513,0.0,0.0
2022-04-27,429.25,432.95001220703125,425.1000061035156,430.25,430.25,13701069,0.0,0.0
2022-04-28,434.79998779296875,439.20001220703125,430.79998779296875,436.04998779296875,436.04998779296875,13875650,0.0,0.0
2022-04-29,440.20001220703125,447.75,436.0,437.6000061035156,437.6000061035156,21991752,0.0,0.0
2022-05-02,437.95001220703125,442.95001220703125,428.5,432.8500061035156,432.8500061035156,18945234,0.0,0.0
2022-05-04,437.95001220703125,440.6000061035156,420.70001220703125,423.5,423.5,14934742,0.0,0.0
2022-05-05,429.0,434.0,423.70001220703125,426.29998779296875,426.29998779296875,12240729,0.0,0.0
2022-05-06,418.8500061035156,420.20001220703125,407.0,408.54998779296875,408.54998779296875,25142225,0.0,0.0
2022-05-09,407.1499938964844,407.3999938964844,395.0,403.95001220703125,403.95001220703125,18076956,0.0,0.0
2022-05-10,400.0,408.5,389.6000061035156,391.75,391.75,16540303,0.0,0.0
2022-05-11,396.0,397.0,377.54998779296875,388.1499938964844,388.1499938964844,29215175,0.0,0.0
2022-05-12,382.0,384.6499938964844,366.20001220703125,372.29998779296875,372.29998779296875,33511538,0.0,0.0
2022-05-13,387.0,419.3500061035156,387.0,404.29998779296875,404.29998779296875,71425747,0.0,0.0
2022-05-16,411.8999938964844,411.8999938964844,396.25,405.3500061035156,405.3500061035156,24938704,0.0,0.0
2022-05-17,408.3999938964844,425.6499938964844,405.0,424.1499938964844,424.1499938964844,24651585,0.0,0.0
2022-05-18,424.0,427.3500061035156,414.04998779296875,415.1499938964844,415.1499938964844,20490516,0.0,0.0
2022-05-19,400.0,406.79998779296875,396.20001220703125,398.6499938964844,398.6499938964844,17706724,0.0,0.0
2022-05-20,410.0,421.3999938964844,410.0,418.0,418.0,23504236,0.0,0.0
2022-05-23,421.6499938964844,431.1499938964844,419.54998779296875,421.45001220703125,421.45001220703125,16345308,0.0,0.0
2022-05-24,423.8999938964844,427.5,416.0,425.75,425.75,14525617,0.0,0.0
2022-05-25,428.45001220703125,429.0,413.45001220703125,417.0,417.0,13540006,0.0,0.0
2022-05-26,422.0,422.6499938964844,405.0,420.6499938964844,420.6499938964844,17712299,0.0,0.0
2022-05-27,426.04998779296875,433.25,425.20001220703125,429.6000061035156,429.6000061035156,16867431,0.0,0.0
2022-05-30,437.0,445.20001220703125,436.0,442.3999938964844,442.3999938964844,18500266,0.0,0.0
2022-05-31,443.95001220703125,449.5,440.3999938964844,443.54998779296875,443.54998779296875,22308219,0.0,0.0
2022-06-01,445.1000061035156,446.0,439.6000061035156,444.6000061035156,444.6000061035156,11930669,0.0,0.0
2022-06-02,445.0,445.6000061035156,435.6499938964844,439.1499938964844,439.1499938964844,12742438,0.0,0.0
2022-06-03,444.8999938964844,445.04998779296875,430.5,431.8999938964844,431.8999938964844,12780122,0.0,0.0
2022-06-06,427.8999938964844,433.95001220703125,424.6000061035156,432.3500061035156,432.3500061035156,11896105,0.0,0.0
2022-06-07,432.5,438.20001220703125,429.1000061035156,435.8500061035156,435.8500061035156,11153869,0.0,0.0
2022-06-08,438.70001220703125,440.3999938964844,432.0,435.6499938964844,435.6499938964844,12844475,0.0,0.0
2022-06-09,431.8999938964844,435.6499938964844,426.1000061035156,428.5,428.5,13043367,0.0,0.0
2022-06-10,423.0,428.8500061035156,422.0,428.04998779296875,428.04998779296875,11914234,0.0,0.0
2022-06-13,414.8999938964844,418.1499938964844,405.6000061035156,406.70001220703125,406.70001220703125,17442641,0.0,0.0
2022-06-14,403.0,411.8500061035156,397.70001220703125,405.1499938964844,405.1499938964844,19626627,0.0,0.0
2022-06-15,410.0,416.3999938964844,407.45001220703125,414.1000061035156,414.1000061035156,15192826,0.0,0.0
2022-06-16,420.0,420.8999938964844,390.1000061035156,392.95001220703125,392.95001220703125,22261032,0.0,0.0
2022-06-17,387.95001220703125,394.45001220703125,382.6499938964844,388.95001220703125,388.95001220703125,24824899,0.0,0.0
2022-06-20,390.54998779296875,392.95001220703125,376.6499938964844,382.70001220703125,382.70001220703125,17049013,0.0,0.0
2022-06-21,389.0,399.0,387.0,397.6000061035156,397.6000061035156,14743366,0.0,0.0
2022-06-22,396.3999938964844,397.0,390.5,393.1000061035156,393.1000061035156,12426604,0.0,0.0
2022-06-23,396.29998779296875,409.8999938964844,394.54998779296875,407.20001220703125,407.20001220703125,26514004,0.0,0.0
2022-06-24,410.0,412.8500061035156,406.1499938964844,409.29998779296875,409.29998779296875,14806456,0.0,0.0
2022-06-27,417.54998779296875,419.45001220703125,412.3500061035156,414.5,414.5,12018949,0.0,0.0
2022-06-28,411.29998779296875,418.20001220703125,409.1499938964844,417.1000061035156,417.1000061035156,13238339,0.0,0.0
2022-06-29,412.04998779296875,419.8999938964844,411.54998779296875,416.95001220703125,416.95001220703125,13104313,0.0,0.0
2022-06-30,418.29998779296875,424.0,410.0,411.79998779296875,411.79998779296875,20121916,0.0,0.0
2022-07-01,410.6499938964844,414.6000061035156,402.29998779296875,412.70001220703125,412.70001220703125,14725989,0.0,0.0
2022-07-04,411.54998779296875,414.8999938964844,405.0,408.45001220703125,408.45001220703125,11525133,0.0,0.0
2022-07-05,415.0,418.79998779296875,410.20001220703125,412.0,412.0,16771012,0.0,0.0
2022-07-06,414.0,417.29998779296875,410.6499938964844,416.3500061035156,416.3500061035156,12196920,0.0,0.0
2022-07-07,419.8999938964844,432.95001220703125,419.29998779296875,430.8500061035156,430.8500061035156,17616800,0.0,0.0
2022-07-08,436.25,443.8500061035156,429.29998779296875,441.54998779296875,441.54998779296875,23730027,0.0,0.0
2022-07-11,438.04998779296875,441.20001220703125,433.45001220703125,437.04998779296875,437.04998779296875,12619654,0.0,0.0
2022-07-12,433.0,435.0,428.1499938964844,430.54998779296875,430.54998779296875,9518822,0.0,0.0
2022-07-13,432.70001220703125,435.8500061035156,425.6499938964844,427.1000061035156,427.1000061035156,10181698,0.0,0.0
2022-07-14,428.0,431.25,423.29998779296875,428.04998779296875,428.04998779296875,10744547,0.0,0.0
2022-07-15,430.6499938964844,441.75,429.70001220703125,440.20001220703125,440.20001220703125,15774084,0.0,0.0
2022-07-18,443.95001220703125,453.79998779296875,443.20001220703125,450.8999938964844,450.8999938964844,21185764,0.0,0.0
2022-07-19,446.75,451.8500061035156,444.45001220703125,449.04998779296875,449.04998779296875,11553440,0.0,0.0
2022-07-20,454.3500061035156,460.75,451.75,453.45001220703125,453.45001220703125,17154184,0.0,0.0
2022-07-21,452.95001220703125,455.5,450.1000061035156,454.8500061035156,454.8500061035156,10931800,0.0,0.0
2022-07-22,456.6000061035156,459.95001220703125,452.29998779296875,454.8999938964844,454.8999938964844,10340910,0.0,0.0
2022-07-25,456.0,457.6000061035156,446.29998779296875,449.54998779296875,449.54998779296875,12505062,0.0,0.0
2022-07-26,448.70001220703125,448.70001220703125,439.75,441.1499938964844,441.1499938964844,11563528,0.0,0.0
2022-07-27,441.1499938964844,445.0,436.1000061035156,444.04998779296875,444.04998779296875,10081023,0.0,0.0
2022-07-28,440.25,449.25,427.3999938964844,442.25,442.25,36380444,0.0,0.0
2022-07-29,445.1499938964844,452.70001220703125,445.1499938964844,449.6000061035156,449.6000061035156,16004096,0.0,0.0
2022-08-01,451.95001220703125,481.0,451.04998779296875,479.20001220703125,479.20001220703125,43084536,0.0,0.0
2022-08-02,478.8999938964844,479.8999938964844,469.25,476.25,476.25,19065689,0.0,0.0
2022-08-03,475.0,476.25,459.6000061035156,467.79998779296875,467.79998779296875,19125906,0.0,0.0
2022-08-04,473.1499938964844,473.95001220703125,456.45001220703125,468.8999938964844,468.8999938964844,18540405,0.0,0.0
2022-08-05,468.8999938964844,472.8999938964844,464.0,465.25,465.25,11917799,0.0,0.0
2022-08-08,466.0,471.8999938964844,464.45001220703125,468.25,468.25,10561754,0.0,0.0
2022-08-10,470.0,477.20001220703125,463.3500061035156,475.54998779296875,475.54998779296875,13360759,0.0,0.0
2022-08-11,482.54998779296875,485.0,475.6000061035156,476.6499938964844,476.6499938964844,12777503,0.0,0.0
2022-08-12,475.75,481.45001220703125,470.0,477.54998779296875,477.54998779296875,13482890,0.0,0.0
2022-08-16,479.6000061035156,491.3999938964844,478.20001220703125,489.8500061035156,489.8500061035156,16796376,0.0,0.0
2022-08-17,490.8999938964844,494.3999938964844,484.20001220703125,485.3999938964844,485.3999938964844,15948755,0.0,0.0
2022-08-18,484.0,486.79998779296875,479.25,484.79998779296875,484.79998779296875,12070974,0.0,0.0
2022-08-19,486.75,488.1000061035156,468.1000061035156,471.0,471.0,16636593,0.0,0.0
2022-08-22,468.5,468.95001220703125,452.54998779296875,454.6000061035156,454.6000061035156,15050653,0.0,0.0
2022-08-23,449.0,462.1000061035156,447.6000061035156,460.45001220703125,460.45001220703125,17779238,0.0,0.0
2022-08-24,459.0,464.8999938964844,457.70001220703125,463.20001220703125,463.20001220703125,12214113,0.0,0.0
2022-08-25,466.0,468.79998779296875,457.3999938964844,459.20001220703125,459.20001220703125,11255809,0.0,0.0
2022-08-26,465.0,470.45001220703125,463.95001220703125,465.04998779296875,465.04998779296875,11252560,0.0,0.0
2022-08-29,451.0,456.8999938964844,450.1499938964844,453.3500061035156,453.3500061035156,11647725,0.0,0.0
2022-08-30,458.6499938964844,472.3999938964844,457.1000061035156,471.1000061035156,471.1000061035156,14421066,0.0,0.0
2022-09-01,462.5,474.3999938964844,462.1499938964844,466.8999938964844,466.8999938964844,13385159,0.0,0.0
2022-09-02,470.8500061035156,471.79998779296875,460.1499938964844,461.75,461.75,10806707,0.0,0.0
2022-09-05,459.75,463.95001220703125,457.0,459.0,459.0,9378108,0.0,0.0
2022-09-06,462.70001220703125,463.70001220703125,456.6000061035156,457.75,457.75,9805875,0.0,0.0
2022-09-07,453.20001220703125,456.5,443.6499938964844,445.8500061035156,445.8500061035156,20764508,0.0,0.0
2022-09-08,452.45001220703125,452.54998779296875,440.0,442.20001220703125,442.20001220703125,19336014,0.0,0.0
2022-09-09,447.5,449.6499938964844,440.6000061035156,445.8999938964844,445.8999938964844,14294289,0.0,0.0
2022-09-12,447.70001220703125,453.0,447.0,451.0,451.0,8962633,0.0,0.0
2022-09-13,454.29998779296875,458.95001220703125,453.54998779296875,456.79998779296875,456.79998779296875,10661280,0.0,0.0
2022-09-14,447.6000061035156,454.70001220703125,447.0,450.20001220703125,450.20001220703125,10360461,0.0,0.0
2022-09-15,452.3999938964844,455.8500061035156,446.04998779296875,447.25,447.25,10356713,0.0,0.0
2022-09-16,446.0,446.3999938964844,429.1000061035156,432.5,432.5,20992324,0.0,0.0
2022-09-19,431.5,431.6000061035156,424.04998779296875,425.45001220703125,425.45001220703125,15236142,0.0,0.0
2022-09-20,430.6000061035156,443.3500061035156,430.6000061035156,434.25,434.25,17557661,0.0,0.0
2022-09-21,433.95001220703125,436.0,425.5,427.6499938964844,427.6499938964844,10831068,0.0,0.0
2022-09-22,425.0,434.6000061035156,422.54998779296875,432.20001220703125,432.20001220703125,13600786,0.0,0.0
2022-09-23,431.8999938964844,431.8999938964844,420.54998779296875,423.1000061035156,423.1000061035156,13441609,0.0,0.0
2022-09-26,416.0,417.8999938964844,393.1499938964844,397.5,397.5,33230938,0.0,0.0
2022-09-27,403.8999938964844,404.0,390.3500061035156,398.79998779296875,398.79998779296875,21932747,0.0,0.0
2022-09-28,394.8999938964844,406.6000061035156,392.8500061035156,399.1000061035156,399.1000061035156,18114880,0.0,0.0
2022-09-29,411.0,413.25,399.6000061035156,402.25,402.25,20725995,0.0,0.0
2022-09-30,398.0,408.25,392.5,404.6000061035156,404.6000061035156,20951277,0.0,0.0
2022-10-03,405.5,406.54998779296875,395.5,397.6499938964844,397.6499938964844,20332430,0.0,0.0
2022-10-04,406.0,408.95001220703125,402.8999938964844,407.8999938964844,407.8999938964844,12761425,0.0,0.0
2022-10-06,409.6000061035156,417.6499938964844,409.5,414.1000061035156,414.1000061035156,12771199,0.0,0.0
2022-10-07,413.3999938964844,414.0,408.70001220703125,412.1499938964844,412.1499938964844,10670854,0.0,0.0
2022-10-10,403.3999938964844,403.3999938964844,393.04998779296875,395.95001220703125,395.95001220703125,32914630,0.0,0.0
2022-10-11,397.0,399.5,391.29998779296875,393.3500061035156,393.3500061035156,14641301,0.0,0.0
2022-10-12,394.54998779296875,398.20001220703125,391.1000061035156,396.54998779296875,396.54998779296875,14287344,0.0,0.0
2022-10-13,396.54998779296875,403.5,394.54998779296875,399.0,399.0,12584114,0.0,0.0
2022-10-14,407.0,409.20001220703125,395.29998779296875,396.25,396.25,12875470,0.0,0.0
2022-10-17,394.0,398.8999938964844,392.5,396.1000061035156,396.1000061035156,9543556,0.0,0.0
2022-10-18,401.0,406.70001220703125,400.70001220703125,404.25,404.25,14215544,0.0,0.0
2022-10-19,406.20001220703125,406.95001220703125,397.29998779296875,399.04998779296875,399.04998779296875,8648435,0.0,0.0
2022-10-20,397.0,399.8999938964844,393.1000061035156,398.1000061035156,398.1000061035156,10747183,0.0,0.0
2022-10-21,397.0,402.25,394.70001220703125,398.04998779296875,398.04998779296875,10279618,0.0,0.0
2022-10-24,406.0,406.0,400.1499938964844,401.6000061035156,401.6000061035156,2871205,0.0,0.0
2022-10-25,404.3500061035156,410.5,403.20001220703125,404.54998779296875,404.54998779296875,17979661,0.0,0.0
2022-10-27,408.54998779296875,411.70001220703125,404.0,407.70001220703125,407.70001220703125,14614841,0.0,0.0
2022-10-28,408.0,411.20001220703125,406.1000061035156,409.8999938964844,409.8999938964844,12488938,0.0,0.0
2022-10-31,414.3500061035156,416.29998779296875,411.6000061035156,412.75,412.75,9928218,0.0,0.0
2022-11-01,414.8999938964844,422.3999938964844,412.79998779296875,421.3500061035156,421.3500061035156,17324893,0.0,0.0
2022-11-02,423.04998779296875,425.1000061035156,420.1499938964844,422.1499938964844,422.1499938964844,12433578,0.0,0.0
2022-11-03,419.3999938964844,423.29998779296875,414.5,416.25,416.25,10987519,0.0,0.0
2022-11-04,418.20001220703125,426.0,416.8999938964844,425.3500061035156,425.3500061035156,12277023,0.0,0.0
2022-11-07,428.25,437.5,428.25,435.0,435.0,15058076,0.0,0.0
2022-11-09,439.20001220703125,441.20001220703125,432.0,433.1499938964844,433.1499938964844,14471443,0.0,0.0
2022-11-10,420.5,420.54998779296875,409.20001220703125,412.20001220703125,412.20001220703125,26251660,0.0,0.0
2022-11-11,420.0,425.5,414.70001220703125,423.5,423.5,19296401,0.0,0.0
2022-11-14,424.0,437.70001220703125,423.5,433.70001220703125,433.70001220703125,17996083,0.0,0.0
2022-11-15,434.8999938964844,438.5,434.1000061035156,437.1499938964844,437.1499938964844,10696024,0.0,0.0
2022-11-16,436.95001220703125,438.20001220703125,429.6000061035156,431.54998779296875,431.54998779296875,8206169,0.0,0.0
2022-11-17,422.0,427.54998779296875,419.6000061035156,423.1499938964844,423.1499938964844,15621809,0.0,0.0
2022-11-18,424.0,426.45001220703125,421.1499938964844,423.79998779296875,423.79998779296875,9851962,0.0,0.0
2022-11-21,425.6000061035156,427.6000061035156,420.0,421.1000061035156,421.1000061035156,9497812,0.0,0.0
2022-11-22,421.0,426.3999938964844,420.5,424.70001220703125,424.70001220703125,6407614,0.0,0.0
2022-11-23,426.8500061035156,429.29998779296875,422.8500061035156,424.04998779296875,424.04998779296875,6568241,0.0,0.0
2022-11-24,424.5,425.25,420.70001220703125,423.3999938964844,423.3999938964844,6768613,0.0,0.0
2022-11-25,425.0,435.1499938964844,424.0,433.20001220703125,433.20001220703125,18764073,0.0,0.0
2022-11-28,435.0,440.3500061035156,432.3999938964844,433.25,433.25,10701208,0.0,0.0
2022-11-29,432.5,437.8999938964844,429.54998779296875,433.1499938964844,433.1499938964844,8630105,0.0,0.0
2022-11-30,435.0,441.0,433.29998779296875,439.3999938964844,439.3999938964844,14727892,0.0,0.0
2022-12-01,443.0,443.6000061035156,436.8500061035156,438.25,438.25,8909310,0.0,0.0
2022-12-02,439.0,441.1499938964844,435.0,435.3999938964844,435.3999938964844,8352658,0.0,0.0
2022-12-05,435.5,437.5,427.79998779296875,428.75,428.75,12857807,0.0,0.0
2022-12-06,428.79998779296875,431.3500061035156,425.3500061035156,427.1000061035156,427.1000061035156,8461831,0.0,0.0
2022-12-07,428.0,428.0,419.1000061035156,420.1000061035156,420.1000061035156,12133315,0.0,0.0
2022-12-08,421.0,421.3999938964844,415.3500061035156,417.20001220703125,417.20001220703125,9539923,0.0,0.0
2022-12-09,419.29998779296875,420.95001220703125,409.54998779296875,413.29998779296875,413.29998779296875,9920219,0.0,0.0
2022-12-12,412.0,416.8999938964844,408.0,414.1499938964844,414.1499938964844,8009229,0.0,0.0
2022-12-13,419.95001220703125,421.5,417.25,418.5,418.5,9717894,0.0,0.0
2022-12-14,420.54998779296875,421.3500061035156,417.3500061035156,417.8999938964844,417.8999938964844,6314883,0.0,0.0
2022-12-15,418.8500061035156,422.79998779296875,415.70001220703125,416.70001220703125,416.70001220703125,7542601,0.0,0.0
2022-12-16,417.3500061035156,427.79998779296875,413.1000061035156,421.6000061035156,421.6000061035156,50949198,0.0,0.0
2022-12-19,421.8999938964844,422.8500061035156,415.5,418.0,418.0,9809103,0.0,0.0
2022-12-20,418.0,418.0,408.0,410.5,410.5,12341042,0.0,0.0
2022-12-21,412.6000061035156,414.3999938964844,401.0,402.6000061035156,402.6000061035156,11606059,0.0,0.0
2022-12-22,404.1000061035156,404.70001220703125,390.20001220703125,394.45001220703125,394.45001220703125,14908929,0.0,0.0
2022-12-23,390.0,390.0,377.0,378.3500061035156,378.3500061035156,19902886,0.0,0.0
2022-12-26,380.25,390.70001220703125,375.20001220703125,384.79998779296875,384.79998779296875,16979026,0.0,0.0
2022-12-27,390.0,397.45001220703125,388.5,394.1499938964844,394.1499938964844,14372461,0.0,0.0
2022-12-28,394.0,395.8999938964844,390.3999938964844,391.29998779296875,391.29998779296875,8443917,0.0,0.0
2022-12-29,389.0,390.0,383.04998779296875,385.8999938964844,385.8999938964844,15627403,0.0,0.0
2022-12-30,391.0,392.20001220703125,387.0,387.95001220703125,387.95001220703125,9198673,0.0,0.0
2023-01-02,392.5,396.0,391.0,394.79998779296875,394.79998779296875,10501357,0.0,0.0
2023-01-03,396.0,398.3500061035156,393.0,393.8999938964844,393.8999938964844,9431220,0.0,0.0
2023-01-04,394.79998779296875,394.79998779296875,385.0,385.6000061035156,385.6000061035156,16121049,0.0,0.0
2023-01-05,387.8999938964844,388.75,382.5,386.8999938964844,386.8999938964844,10443908,0.0,0.0
2023-01-06,386.1000061035156,388.3999938964844,381.0,382.0,382.0,8715469,0.0,0.0
2023-01-09,386.3500061035156,392.70001220703125,385.0,389.45001220703125,389.45001220703125,14693099,0.0,0.0
2023-01-10,400.0,417.75,400.0,412.8999938964844,412.8999938964844,54021379,0.0,0.0
2023-01-11,415.75,420.0,413.54998779296875,418.20001220703125,418.20001220703125,22224361,0.0,0.0
2023-01-12,420.29998779296875,420.5,410.04998779296875,412.25,412.25,12479034,0.0,0.0
2023-01-13,413.0,416.3500061035156,408.0,411.5,411.5,10449630,0.0,0.0
2023-01-16,413.5,414.8999938964844,407.6000061035156,413.0,413.0,11462140,0.0,0.0
2023-01-17,413.0,419.45001220703125,412.5,415.29998779296875,415.29998779296875,12337969,0.0,0.0
2023-01-18,415.8999938964844,415.95001220703125,407.45001220703125,408.3999938964844,408.3999938964844,13310316,0.0,0.0
2023-01-19,406.5,407.79998779296875,400.1000061035156,400.75,400.75,13126520,0.0,0.0
2023-01-20,404.0,412.5,401.20001220703125,403.1499938964844,403.1499938964844,23906114,0.0,0.0
2023-01-23,407.0,410.95001220703125,405.0,408.3999938964844,408.3999938964844,13113183,0.0,0.0
2023-01-24,410.0,424.0,410.0,422.1499938964844,422.1499938964844,30197475,0.0,0.0
2023-01-25,423.75,427.25,417.70001220703125,419.04998779296875,419.04998779296875,22975581,0.0,0.0
2023-01-27,438.0,453.3999938964844,435.1499938964844,445.6000061035156,445.6000061035156,63360467,0.0,0.0
2023-01-30,445.6000061035156,450.0,437.6499938964844,443.6499938964844,443.6499938964844,18316743,0.0,0.0
2023-01-31,443.70001220703125,454.79998779296875,440.8999938964844,452.1000061035156,452.1000061035156,25154475,0.0,0.0
2023-02-01,456.79998779296875,461.5,437.6499938964844,446.6499938964844,446.6499938964844,23798589,0.0,0.0
2023-02-02,446.75,449.20001220703125,440.70001220703125,444.79998779296875,444.79998779296875,11344554,0.0,0.0
2023-02-03,447.0,450.79998779296875,442.3500061035156,445.45001220703125,445.45001220703125,13067403,0.0,0.0
2023-02-06,444.45001220703125,447.0,439.54998779296875,442.0,442.0,6795084,0.0,0.0
2023-02-07,441.70001220703125,443.3999938964844,432.8999938964844,435.45001220703125,435.45001220703125,9023645,0.0,0.0
2023-02-08,435.45001220703125,441.0,431.54998779296875,440.1000061035156,440.1000061035156,8668267,0.0,0.0
2023-02-09,440.0,440.70001220703125,433.54998779296875,436.75,436.75,7349418,0.0,0.0
2023-02-10,437.95001220703125,447.79998779296875,431.20001220703125,445.8500061035156,445.8500061035156,14798390,0.0,0.0
2023-02-13,445.5,446.8999938964844,438.8999938964844,441.04998779296875,441.04998779296875,8333767,0.0,0.0
2023-02-14,442.0,444.29998779296875,434.3999938964844,440.54998779296875,440.54998779296875,8565559,0.0,0.0
2023-02-15,438.5,444.8999938964844,438.1499938964844,444.1499938964844,444.1499938964844,9857016,0.0,0.0
2023-02-16,445.0,448.25,440.5,441.6000061035156,441.6000061035156,7670688,0.0,0.0
2023-02-17,436.0,442.45001220703125,436.0,439.8999938964844,439.8999938964844,6955445,0.0,0.0
2023-02-20,441.79998779296875,445.29998779296875,436.25,443.0,443.0,9717197,0.0,0.0
2023-02-21,445.20001220703125,445.20001220703125,435.25,436.5,436.5,8957930,0.0,0.0
2023-02-22,435.29998779296875,435.8500061035156,428.25,429.45001220703125,429.45001220703125,7209130,0.0,0.0
2023-02-23,428.6499938964844,436.45001220703125,427.20001220703125,433.20001220703125,433.20001220703125,9278920,0.0,0.0
2023-02-24,435.3999938964844,436.70001220703125,427.0,427.75,427.75,7895024,0.0,0.0
2023-02-27,427.75,428.04998779296875,413.04998779296875,417.95001220703125,417.95001220703125,10438928,0.0,0.0
2023-02-28,419.0,424.79998779296875,419.0,420.70001220703125,420.70001220703125,9652088,0.0,0.0
2023-03-01,421.5,428.0,421.5,426.0,426.0,7595114,0.0,0.0
2023-03-02,426.0,426.25,419.54998779296875,420.45001220703125,420.45001220703125,5661103,0.0,0.0
2023-03-03,422.6000061035156,430.5,421.95001220703125,428.0,428.0,8027522,0.0,0.0
2023-03-06,430.95001220703125,441.45001220703125,430.0,440.1000061035156,440.1000061035156,11307064,0.0,0.0
2023-03-08,439.0,441.25,436.1000061035156,439.29998779296875,439.29998779296875,7850052,0.0,0.0
2023-03-09,439.1000061035156,442.04998779296875,431.29998779296875,432.20001220703125,432.20001220703125,5696737,0.0,0.0
2023-03-10,433.0,437.79998779296875,430.79998779296875,435.8500061035156,435.8500061035156,10417015,0.0,0.0
2023-03-13,436.1000061035156,437.0,419.1000061035156,422.3999938964844,422.3999938964844,8780169,0.0,0.0
2023-03-14,422.8500061035156,424.20001220703125,413.3999938964844,416.6499938964844,416.6499938964844,9189043,0.0,0.0
2023-03-15,422.0,425.0,410.1000061035156,411.3500061035156,411.3500061035156,7681009,0.0,0.0
2023-03-16,413.29998779296875,418.5,405.0,415.70001220703125,415.70001220703125,11854885,0.0,0.0
2023-03-17,419.0,423.45001220703125,414.54998779296875,419.0,419.0,8658701,0.0,0.0
2023-03-20,415.6000061035156,416.95001220703125,405.5,410.75,410.75,10075022,0.0,0.0
2023-03-21,412.8500061035156,413.8999938964844,407.70001220703125,412.54998779296875,412.54998779296875,7391950,0.0,0.0
2023-03-22,416.0,418.3999938964844,413.75,416.1000061035156,416.1000061035156,5728054,0.0,0.0
2023-03-23,416.0,422.5,416.0,419.1499938964844,419.1499938964844,9817460,0.0,0.0
2023-03-24,419.0,420.54998779296875,414.79998779296875,416.5,416.5,6877960,0.0,0.0
2023-03-27,416.0,418.5,410.25,412.04998779296875,412.04998779296875,7433933,0.0,0.0
2023-03-28,414.1499938964844,414.5,400.45001220703125,401.6000061035156,401.6000061035156,9553659,0.0,0.0
2023-03-29,401.6000061035156,410.6000061035156,401.6000061035156,409.20001220703125,409.20001220703125,10478506,0.0,0.0
2023-03-31,411.3500061035156,421.75,411.0,420.79998779296875,420.79998779296875,11037881,0.0,0.0
2023-04-03,423.0,424.95001220703125,419.5,424.25,424.25,6948329,0.0,0.0
2023-04-05,424.25,428.75,423.1499938964844,426.54998779296875,426.54998779296875,8821326,0.0,0.0
2023-04-06,426.5,439.29998779296875,423.75,437.6499938964844,437.6499938964844,10907492,0.0,0.0
2023-04-10,452.04998779296875,473.29998779296875,452.0,461.29998779296875,461.29998779296875,50462653,0.0,0.0
2023-04-11,463.75,463.75,455.79998779296875,458.70001220703125,458.70001220703125,14495222,0.0,0.0
2023-04-12,459.3500061035156,468.6000061035156,458.20001220703125,465.5,465.5,13552440,0.0,0.0
2023-04-13,464.95001220703125,472.0,463.25,469.5,469.5,12733670,0.0,0.0
2023-04-17,471.0,473.0,465.79998779296875,472.1499938964844,472.1499938964844,10710167,0.0,0.0
2023-04-18,475.0,483.3500061035156,468.1000061035156,473.0,473.0,16140056,0.0,0.0
2023-04-19,473.0,475.5,467.8500061035156,469.3999938964844,469.3999938964844,7368610,0.0,0.0
2023-04-20,473.70001220703125,479.70001220703125,469.3999938964844,476.79998779296875,476.79998779296875,14264206,0.0,0.0
2023-04-21,476.70001220703125,476.70001220703125,467.20001220703125,471.20001220703125,471.20001220703125,8478118,0.0,0.0
2023-04-24,471.20001220703125,476.0,468.29998779296875,475.20001220703125,475.20001220703125,8020593,0.0,0.0
2023-04-25,475.20001220703125,476.3999938964844,471.8999938964844,473.54998779296875,473.54998779296875,6888352,0.0,0.0
2023-04-26,473.0,479.5,472.6000061035156,478.20001220703125,478.20001220703125,7791425,0.0,0.0
2023-04-27,478.5,482.0,476.5,481.6000061035156,481.6000061035156,7085793,0.0,0.0
2023-04-28,481.3999938964844,488.0,478.3500061035156,484.95001220703125,484.95001220703125,9947813,0.0,0.0
2023-05-02,482.5,484.0,474.54998779296875,480.25,480.25,11542592,0.0,0.0
2023-05-03,480.25,485.1000061035156,477.75,483.70001220703125,483.70001220703125,8529233,0.0,0.0
2023-05-04,483.6000061035156,486.3999938964844,478.75,480.79998779296875,480.79998779296875,5650101,0.0,0.0
2023-05-05,481.6499938964844,484.70001220703125,476.1499938964844,477.1000061035156,477.1000061035156,4830674,0.0,0.0
2023-05-08,480.0,502.29998779296875,478.1000061035156,500.5,500.5,23515333,0.0,0.0
2023-05-09,502.0,512.7999877929688,501.54998779296875,503.6499938964844,503.6499938964844,19818780,0.0,0.0
2023-05-10,508.0,512.9000244140625,504.3500061035156,509.5,509.5,12481404,0.0,0.0
2023-05-11,512.0,514.1500244140625,505.5,511.6000061035156,511.6000061035156,11454020,0.0,0.0
2023-05-12,513.9000244140625,520.5,510.29998779296875,515.9500122070312,515.9500122070312,19766717,0.0,0.0
2023-05-15,523.8499755859375,537.1500244140625,521.5,530.8499755859375,530.8499755859375,38270067,0.0,0.0
2023-05-16,533.9500122070312,535.9500122070312,518.8499755859375,521.1500244140625,521.1500244140625,16514882,0.0,0.0
2023-05-17,522.5,523.9500122070312,512.5,515.5,515.5,13684847,0.0,0.0
2023-05-18,518.7999877929688,520.9000244140625,507.1000061035156,508.45001220703125,508.45001220703125,12293322,0.0,0.0
2023-05-19,509.79998779296875,526.4000244140625,504.75,524.9500122070312,524.9500122070312,19343560,0.0,0.0
2023-05-22,524.9500122070312,527.0,519.3499755859375,522.5,522.5,9978339,0.0,0.0
2023-05-23,522.5,531.0,521.1500244140625,528.5,528.5,12256902,0.0,0.0
2023-05-24,527.1500244140625,529.6500244140625,519.1500244140625,520.2000122070312,520.2000122070312,7648284,0.0,0.0
2023-05-25,518.0,518.0,509.1000061035156,514.8499755859375,514.8499755859375,11543712,0.0,0.0
2023-05-26,514.9000244140625,519.75,512.2000122070312,518.4500122070312,518.4500122070312,8360570,0.0,0.0
2023-05-29,525.0,525.0999755859375,519.7000122070312,521.4500122070312,521.4500122070312,6596504,0.0,0.0
2023-05-30,521.4500122070312,523.5,518.0,518.7999877929688,518.7999877929688,5134688,0.0,0.0
2023-05-31,519.9500122070312,527.5,516.4000244140625,526.2999877929688,526.2999877929688,12327284,0.0,0.0
2023-06-01,527.5,536.25,522.8499755859375,535.2000122070312,535.2000122070312,12511265,0.0,0.0
2023-06-02,537.0,541.25,532.75,535.9000244140625,535.9000244140625,12294728,0.0,0.0
2023-06-05,539.0,548.7999877929688,537.9000244140625,546.25,546.25,15008325,0.0,0.0
2023-06-06,549.4500122070312,557.0,545.3499755859375,555.75,555.75,15395092,0.0,0.0
2023-06-07,558.7999877929688,575.0,552.1500244140625,567.9500122070312,567.9500122070312,20855239,0.0,0.0
2023-06-08,570.0,576.5499877929688,557.0,559.7000122070312,559.7000122070312,21527339,0.0,0.0
2023-06-09,564.4000244140625,566.4500122070312,559.2999877929688,562.2999877929688,562.2999877929688,9361533,0.0,0.0
2023-06-12,567.0,568.9000244140625,560.6500244140625,564.1500244140625,564.1500244140625,7599572,0.0,0.0
2023-06-13,567.7000122070312,571.0499877929688,560.75,562.2000122070312,562.2000122070312,12845897,0.0,0.0
2023-06-14,566.0,571.2000122070312,564.0,570.2999877929688,570.2999877929688,12713256,0.0,0.0
2023-06-15,571.7999877929688,575.0,567.75,568.4500122070312,568.4500122070312,12475759,0.0,0.0
2023-06-16,569.6500244140625,572.2000122070312,566.0499877929688,569.7999877929688,569.7999877929688,8736313,0.0,0.0
2023-06-19,570.6500244140625,573.2000122070312,564.2000122070312,566.0499877929688,566.0499877929688,6280388,0.0,0.0
2023-06-20,566.0499877929688,583.9500122070312,562.5,583.25,583.25,18074902,0.0,0.0
2023-06-21,584.9500122070312,585.9000244140625,574.5,581.4000244140625,581.4000244140625,9146332,0.0,0.0
2023-06-22,584.0,584.7000122070312,568.2000122070312,569.3499755859375,569.3499755859375,11229179,0.0,0.0
2023-06-23,570.0,571.1500244140625,557.7000122070312,559.6500244140625,559.6500244140625,9362695,0.0,0.0
2023-06-26,560.0,569.0,557.7999877929688,567.8499755859375,567.8499755859375,6986621,0.0,0.0
2023-06-27,570.0,576.9000244140625,568.4500122070312,573.0999755859375,573.0999755859375,9404450,0.0,0.0
2023-06-28,573.0999755859375,573.0999755859375,573.0999755859375,573.0999755859375,573.0999755859375,0,0.0,0.0
2023-06-30,588.3499755859375,599.0,588.0,595.5499877929688,595.5499877929688,12488047,0.0,0.0
